,loss,accuracy,val_loss,val_accuracy
0,0.744606614112854,0.9418434500694275,6.377725601196289,0.3464912176132202
1,0.6868174076080322,0.953913688659668,6.744760036468506,0.359649121761322
2,0.6727358102798462,0.952816367149353,6.320642471313477,0.35818713903427124
3,0.8045109510421753,0.9169714450836182,6.567590713500977,0.3172514736652374
4,0.7519984841346741,0.9381858110427856,6.642711639404297,0.3391812741756439
