,loss,accuracy,val_loss,val_accuracy
0,1.137213945388794,0.8485735058784485,6.263513565063477,0.2558479607105255
1,1.143519639968872,0.8416240215301514,6.652508735656738,0.2719298303127289
2,1.131124496459961,0.8449158668518066,6.945114612579346,0.2558479607105255
3,1.0477313995361328,0.8705193996429443,6.622176170349121,0.2704678475856781
4,0.9238195419311523,0.9052670001983643,6.924172401428223,0.26754385232925415
