,loss,accuracy,val_loss,val_accuracy
0,2.5297434329986572,0.44476956129074097,4.351809978485107,0.21783626079559326
1,2.219175100326538,0.5252377390861511,4.511961460113525,0.2353801131248474
2,2.014768123626709,0.5855888724327087,4.8186421394348145,0.2573099434375763
3,1.853134274482727,0.648500382900238,5.010494709014893,0.2368421107530594
4,1.6253607273101807,0.7150694727897644,5.618065357208252,0.2514619827270508
