,loss,accuracy,val_loss,val_accuracy
0,0.8109596371650696,0.9235552549362183,6.572070598602295,0.3245614171028137
1,0.7834802269935608,0.9330651164054871,6.500746726989746,0.32894736528396606
2,0.7347630262374878,0.9465984106063843,6.617440223693848,0.33040934801101685
3,0.7057017087936401,0.9491587281227112,6.469563961029053,0.3406432867050171
4,0.8751555681228638,0.8979517221450806,6.113322734832764,0.38596490025520325
