,loss,accuracy,val_loss,val_accuracy
0,0.9256265163421631,0.9038039445877075,6.944674968719482,0.28216373920440674
1,0.8930949568748474,0.9239209890365601,6.956918239593506,0.3245614171028137
2,0.820706307888031,0.9334308505058289,6.851921558380127,0.2909356653690338
3,0.8767586946487427,0.9085589051246643,6.440011978149414,0.28216373920440674
4,0.8891175389289856,0.9016093611717224,7.569666385650635,0.26900583505630493
