,loss,accuracy,val_loss,val_accuracy
0,1.0772457122802734,0.8569861054420471,6.717702865600586,0.2836257219314575
1,0.949059009552002,0.8994147777557373,7.069781303405762,0.2836257219314575
2,0.9473025798797607,0.8946598172187805,7.4364471435546875,0.26900583505630493
3,0.9311792850494385,0.8953913450241089,7.234625339508057,0.25
4,0.979810357093811,0.891733705997467,7.318428039550781,0.26754385232925415
