,loss,accuracy,val_loss,val_accuracy
0,0.8213786482810974,0.9279444217681885,6.857122898101807,0.3245614171028137
1,0.8098478317260742,0.9279444217681885,6.794127941131592,0.3143274784088135
2,0.7991539835929871,0.9261155724525452,6.496509075164795,0.3260233998298645
3,0.744951069355011,0.940014660358429,7.018438339233398,0.33040934801101685
4,0.7584085464477539,0.9403803944587708,7.48973274230957,0.28801169991493225
