,loss,accuracy,val_loss,val_accuracy
0,0.8285672664642334,0.9184345006942749,6.632649898529053,0.30994153022766113
1,0.7647246718406677,0.9370884895324707,6.628639221191406,0.32894736528396606
2,0.6844107508659363,0.9517191052436829,6.874020576477051,0.3260233998298645
3,0.7909234762191772,0.9166057109832764,6.853121757507324,0.34941521286964417
4,0.8216518759727478,0.9253840446472168,6.72513484954834,0.33771929144859314
