,loss,accuracy,val_loss,val_accuracy
0,0.9387882351875305,0.9023408889770508,7.290752410888672,0.30116960406303406
1,0.8731731176376343,0.9147768616676331,6.821924209594727,0.3114035129547119
2,0.7744534611701965,0.9476956725120544,6.840559959411621,0.30116960406303406
3,0.8242825269699097,0.9220921993255615,7.281350612640381,0.3172514736652374
4,0.815467357635498,0.9206291437149048,7.406647682189941,0.32163742184638977
