,loss,accuracy,val_loss,val_accuracy
0,4.108932971954346,0.1335040181875229,4.290436744689941,0.11403508484363556
1,3.7895989418029785,0.18727140128612518,4.219141006469727,0.15497076511383057
2,3.450512170791626,0.2542062997817993,4.212873458862305,0.15643274784088135
3,3.1025636196136475,0.3171177804470062,4.138554096221924,0.18421052396297455
4,2.795058488845825,0.3950256109237671,4.406422138214111,0.17543859779834747
