,loss,accuracy,val_loss,val_accuracy
0,1.5093523263931274,0.7414045333862305,5.518333435058594,0.2646198868751526
1,1.4542083740234375,0.7600585222244263,5.6840972900390625,0.27485379576683044
2,1.2871031761169434,0.8145574331283569,5.796215534210205,0.26900583505630493
3,1.2118351459503174,0.8247988224029541,6.037459850311279,0.2646198868751526
4,1.22665536403656,0.8251646161079407,6.195199489593506,0.27485379576683044
