,loss,accuracy,val_loss,val_accuracy
0,5.308292865753174,0.017190929502248764,5.062206268310547,0.021929824724793434
1,5.08168363571167,0.022311631590127945,5.041568279266357,0.023391813039779663
2,5.026467323303223,0.03474762290716171,4.968834400177002,0.04093567281961441
3,4.782648086547852,0.0537673756480217,4.703109264373779,0.0555555559694767
4,4.466061592102051,0.09217263758182526,4.5321149826049805,0.07309941202402115
