,loss,accuracy,val_loss,val_accuracy
0,0.9104034304618835,0.9059985280036926,6.85468864440918,0.2836257219314575
1,0.8183656930923462,0.9231894612312317,6.643557548522949,0.30847951769828796
2,0.7376168966293335,0.9458668828010559,7.250986576080322,0.29532164335250854
3,0.7467769980430603,0.935625433921814,7.538252830505371,0.3040935695171356
4,0.8543237447738647,0.9052670001983643,6.988308429718018,0.30116960406303406
