,loss,accuracy,val_loss,val_accuracy
0,1.0378364324569702,0.8708851337432861,7.246424198150635,0.2587719261646271
1,0.9169921278953552,0.9103876948356628,7.014873504638672,0.3055555522441864
2,0.8658791780471802,0.9206291437149048,8.207600593566895,0.2836257219314575
3,0.8970280885696411,0.9056327939033508,7.200886249542236,0.2836257219314575
4,0.9378353357315063,0.8950256109237671,6.785820960998535,0.31578946113586426
