,loss,accuracy,val_loss,val_accuracy
0,1.7251331806182861,0.7446516752243042,2.9986047744750977,0.5657894611358643
1,1.7191734313964844,0.7383434176445007,3.0428357124328613,0.5822368264198303
2,1.6995060443878174,0.753702700138092,2.94118595123291,0.5822368264198303
3,1.6976501941680908,0.7468458414077759,2.960798740386963,0.5866228342056274
4,1.6770282983779907,0.762205183506012,2.9784996509552,0.5789473652839661
