,loss,accuracy,val_loss,val_accuracy
0,1.5096509456634521,0.8003291487693787,3.0380539894104004,0.6118420958518982
1,1.521203637123108,0.7981349229812622,2.958411693572998,0.6107456088066101
2,1.4533742666244507,0.815139889717102,2.945523738861084,0.6085526347160339
3,1.4868290424346924,0.7978606820106506,3.050664186477661,0.6008771657943726
4,1.4790730476379395,0.8008776903152466,2.9784419536590576,0.6129385828971863
