,loss,accuracy,val_loss,val_accuracy
0,1.5828914642333984,0.7734503746032715,3.058140993118286,0.5975877046585083
1,1.585018515586853,0.7764673829078674,2.938718318939209,0.5997806787490845
2,1.5710232257843018,0.7770159244537354,2.921664237976074,0.5975877046585083
3,1.5614802837371826,0.7794843912124634,2.8972885608673096,0.6140350699424744
4,1.562361717224121,0.7844212651252747,2.916715621948242,0.5811403393745422
