,loss,accuracy,val_loss,val_accuracy
0,4.409181594848633,0.1404278725385666,4.247208118438721,0.15021929144859314
1,4.273682117462158,0.15523861348628998,4.129855632781982,0.19956140220165253
2,4.076003551483154,0.20213933289051056,3.910090446472168,0.24122807383537292
3,3.864065408706665,0.23477783799171448,3.741889238357544,0.26864033937454224
4,3.6438181400299072,0.28030717372894287,3.593402147293091,0.3135964870452881
