,loss,accuracy,val_loss,val_accuracy
0,1.6567686796188354,0.7597367167472839,3.1124305725097656,0.5953947305679321
1,1.6700282096862793,0.7572682499885559,2.9447872638702393,0.5734649300575256
2,1.6523973941802979,0.7600109577178955,2.9190704822540283,0.5800438523292542
3,1.6502406597137451,0.7635765075683594,2.9638824462890625,0.6008771657943726
4,1.653725266456604,0.7671420574188232,2.974040985107422,0.5756579041481018
