,loss,accuracy,val_loss,val_accuracy
0,1.5001167058944702,0.8093801140785217,3.0235328674316406,0.6162280440330505
1,1.4719334840774536,0.8066374063491821,2.846996307373047,0.6019737124443054
2,1.457899570465088,0.8148655891418457,3.1988465785980225,0.5855262875556946
3,1.4905635118484497,0.8011519312858582,2.970945358276367,0.5986841917037964
4,1.4579678773880005,0.8069117069244385,2.890639543533325,0.6041666865348816
