,loss,accuracy,val_loss,val_accuracy
0,1.578813910484314,0.7764673829078674,3.0785422325134277,0.5866228342056274
1,1.5989112854003906,0.7698848247528076,2.991338014602661,0.609649121761322
2,1.6041851043701172,0.7739989161491394,2.898872137069702,0.5997806787490845
3,1.5572172403335571,0.7893581986427307,2.9958322048187256,0.5921052694320679
4,1.573127269744873,0.7830499410629272,3.0336856842041016,0.6118420958518982
