,loss,accuracy,val_loss,val_accuracy
0,1.9734092950820923,0.678826093673706,3.083483934402466,0.5208333134651184
1,1.9306738376617432,0.697750985622406,3.206851005554199,0.5339912176132202
2,1.9105993509292603,0.6993966102600098,3.0663416385650635,0.5296052694320679
3,1.903976321220398,0.6955567598342896,3.0289947986602783,0.547149121761322
4,1.8947657346725464,0.7015907764434814,3.106975555419922,0.5405701994895935
