,loss,accuracy,val_loss,val_accuracy
0,1.5884504318237305,0.7794843912124634,2.9272661209106445,0.577850878238678
1,1.6182000637054443,0.7633022665977478,2.9780704975128174,0.6052631735801697
2,1.6315313577651978,0.7638508081436157,2.9148731231689453,0.5888158082962036
3,1.6227426528930664,0.7641250491142273,3.007455825805664,0.5690789222717285
4,1.559584617614746,0.7855183482170105,3.0122549533843994,0.5921052694320679
