,loss,accuracy,val_loss,val_accuracy
0,1.6975715160369873,0.753702700138092,2.943178176879883,0.5679824352264404
1,1.70473313331604,0.7449259757995605,2.890296220779419,0.5723684430122375
2,1.703484058380127,0.7501371502876282,3.0482077598571777,0.5559210777282715
3,1.650444507598877,0.7602852582931519,3.1403844356536865,0.5668859481811523
4,1.6931833028793335,0.756719708442688,2.958278179168701,0.5526315569877625
