,loss,accuracy,val_loss,val_accuracy
0,1.8821603059768677,0.7002193927764893,2.9831058979034424,0.5701754093170166
1,1.8701610565185547,0.7040592432022095,3.0678391456604004,0.5285087823867798
2,1.8482182025909424,0.7032364010810852,3.0948188304901123,0.5405701994895935
3,1.8679014444351196,0.7081733345985413,2.9171783924102783,0.5581140518188477
4,1.8572219610214233,0.7040592432022095,2.925973653793335,0.5789473652839661
