,loss,accuracy,val_loss,val_accuracy
0,1.5645004510879517,0.7794843912124634,2.977388858795166,0.5855262875556946
1,1.576635479927063,0.7772901654243469,3.0652811527252197,0.594298243522644
2,1.576849102973938,0.7811300158500671,2.989368200302124,0.5767543911933899
3,1.5610109567642212,0.7838727235794067,3.0301296710968018,0.5877193212509155
4,1.5475826263427734,0.7808557152748108,3.1171281337738037,0.5811403393745422
