,loss,accuracy,val_loss,val_accuracy
0,5.133469104766846,0.11135490983724594,4.7703118324279785,0.11622807383537292
1,4.770060062408447,0.11546900868415833,4.6397905349731445,0.11622807383537292
2,4.693860054016113,0.11601755023002625,4.652276515960693,0.11622807383537292
3,4.611440658569336,0.11876028776168823,4.515825271606445,0.12609648704528809
4,4.512999057769775,0.1330224871635437,4.484749794006348,0.13048245012760162
