,loss,accuracy,val_loss,val_accuracy
0,1.4260622262954712,0.8134942650794983,2.9932847023010254,0.6129385828971863
1,1.4107108116149902,0.8239166140556335,3.1352977752685547,0.6074561476707458
2,1.4284873008728027,0.8192539811134338,2.8992247581481934,0.6052631735801697
3,1.4061291217803955,0.8137685060501099,3.0025999546051025,0.6129385828971863
4,1.4354389905929565,0.8107514977455139,3.065312623977661,0.5975877046585083
