,loss,accuracy,val_loss,val_accuracy
0,1.4475525617599487,0.8115743398666382,2.862856388092041,0.6206140518188477
1,1.4578819274902344,0.8091058731079102,3.0270438194274902,0.5888158082962036
2,1.5091967582702637,0.7981349229812622,2.9665050506591797,0.6019737124443054
3,1.4594120979309082,0.8132199645042419,3.0486698150634766,0.5910087823867798
4,1.4760667085647583,0.8030718564987183,2.998105525970459,0.6052631735801697
