,loss,accuracy,val_loss,val_accuracy
0,2.0099375247955322,0.6645638942718506,3.136425733566284,0.5274122953414917
1,1.9745922088623047,0.6851344108581543,3.003119707107544,0.5350877046585083
2,1.9789962768554688,0.6815688610076904,3.020625114440918,0.5208333134651184
3,1.9356894493103027,0.6834887266159058,2.9491066932678223,0.5537280440330505
4,1.9273606538772583,0.6947339773178101,2.9528310298919678,0.5438596606254578
