,loss,accuracy,val_loss,val_accuracy
0,1.7232786417007446,0.74574875831604,2.9168002605438232,0.5625
1,1.7222106456756592,0.7399890422821045,2.982297897338867,0.5592105388641357
2,1.747069239616394,0.7364234924316406,2.911525249481201,0.5723684430122375
3,1.7169638872146606,0.7402632832527161,2.974918842315674,0.5603070259094238
4,1.7731088399887085,0.7402632832527161,2.922314405441284,0.5690789222717285
