,loss,accuracy,val_loss,val_accuracy
0,1.526387095451355,0.7951179146766663,3.0479297637939453,0.5855262875556946
1,1.4999338388442993,0.7995063066482544,2.9784419536590576,0.5855262875556946
2,1.4826420545578003,0.7984092235565186,2.976360559463501,0.5899122953414917
3,1.483217477798462,0.8038946986198425,2.8842482566833496,0.6184210777282715
4,1.5505770444869995,0.7825013995170593,2.910205125808716,0.5888158082962036
