,loss,accuracy,val_loss,val_accuracy
0,1.4355719089508057,0.810202956199646,3.0758252143859863,0.6052631735801697
1,1.4264042377471924,0.8080087900161743,3.028958797454834,0.6107456088066101
2,1.466234803199768,0.807734489440918,3.1264069080352783,0.5964912176132202
3,1.4411237239837646,0.8085573315620422,2.9591102600097656,0.593201756477356
4,1.4077693223953247,0.8173340559005737,2.9968128204345703,0.6085526347160339
