,loss,accuracy,val_loss,val_accuracy
0,1.4795851707458496,0.8019747734069824,2.8979427814483643,0.6019737124443054
1,1.4687656164169312,0.802249014377594,2.9475297927856445,0.5986841917037964
2,1.5134884119033813,0.792649507522583,2.9601244926452637,0.6008771657943726
3,1.4629361629486084,0.8129457235336304,2.9366941452026367,0.5921052694320679
4,1.4723297357559204,0.7997806072235107,2.9382286071777344,0.5953947305679321
