,loss,accuracy,val_loss,val_accuracy
0,1.435876727104187,0.8033461570739746,2.9701473712921143,0.593201756477356
1,1.4524353742599487,0.8080087900161743,2.971564292907715,0.5975877046585083
2,1.497559666633606,0.8017004728317261,3.025019645690918,0.5745614171028137
3,1.4247369766235352,0.810202956199646,2.9074525833129883,0.6107456088066101
4,1.4592502117156982,0.8093801140785217,2.9130489826202393,0.6008771657943726
