,loss,accuracy,val_loss,val_accuracy
0,2.091794013977051,0.6404278874397278,3.038961410522461,0.515350878238678
1,2.000614643096924,0.6659352779388428,2.9778800010681152,0.5175438523292542
2,2.0480782985687256,0.6568842530250549,3.051560878753662,0.530701756477356
3,2.0786731243133545,0.651398777961731,3.0917294025421143,0.5372806787490845
4,2.0255444049835205,0.6615468859672546,2.972323179244995,0.5350877046585083
