,loss,accuracy,val_loss,val_accuracy
0,2.2129099369049072,0.6080636382102966,3.048196792602539,0.5043859481811523
1,2.160249948501587,0.6267142295837402,2.9646384716033936,0.5230262875556946
2,2.0976014137268066,0.6289083957672119,2.963470220565796,0.5339912176132202
3,2.137061357498169,0.6215029954910278,3.0489165782928467,0.5120614171028137
4,2.0885350704193115,0.6417992115020752,2.9798872470855713,0.5296052694320679
