,loss,accuracy,val_loss,val_accuracy
0,1.7859190702438354,0.7358749508857727,3.066237449645996,0.5460526347160339
1,1.76261305809021,0.7402632832527161,3.003629207611084,0.5657894611358643
2,1.7649447917938232,0.7312122583389282,2.992374897003174,0.5537280440330505
3,1.7331491708755493,0.7416346669197083,2.8909850120544434,0.5745614171028137
4,1.7770253419876099,0.7251783013343811,2.8897948265075684,0.5756579041481018
