,loss,accuracy,val_loss,val_accuracy
0,1.4707375764846802,0.8055403232574463,2.903355598449707,0.6085526347160339
1,1.4710131883621216,0.804717481136322,3.0294010639190674,0.5953947305679321
2,1.4733994007110596,0.802249014377594,3.1384220123291016,0.5866228342056274
3,1.4905492067337036,0.8093801140785217,2.9413533210754395,0.6041666865348816
4,1.4682222604751587,0.8091058731079102,2.9400124549865723,0.6052631735801697
