,loss,accuracy,val_loss,val_accuracy
0,1.4064931869506836,0.8219966888427734,3.092543840408325,0.5855262875556946
1,1.362094521522522,0.8288535475730896,3.112870693206787,0.6074561476707458
2,1.3451765775680542,0.8277564644813538,3.073556661605835,0.5899122953414917
3,1.4197189807891846,0.81568843126297,3.252807140350342,0.593201756477356
4,1.3945266008377075,0.8241909146308899,3.119457483291626,0.6041666865348816
