,loss,accuracy,val_loss,val_accuracy
0,2.3698606491088867,0.5622600317001343,2.994694709777832,0.5021929740905762
1,2.3095920085906982,0.5787163972854614,3.0175468921661377,0.5098684430122375
2,2.330296516418457,0.5655512809753418,3.1319491863250732,0.484649121761322
3,2.303703546524048,0.5825562477111816,2.9907350540161133,0.5032894611358643
4,2.2040629386901855,0.6094350218772888,3.0438430309295654,0.5043859481811523
