,loss,accuracy,val_loss,val_accuracy
0,1.8457149267196655,0.7095447182655334,3.1514649391174316,0.5570175647735596
1,1.8294517993927002,0.712835967540741,3.000880479812622,0.5701754093170166
2,1.8847161531448364,0.7103675007820129,2.9750983715057373,0.5723684430122375
3,1.7723755836486816,0.7306637167930603,3.111945390701294,0.5581140518188477
4,1.7974319458007812,0.7265496253967285,3.0717005729675293,0.5460526347160339
