,loss,accuracy,val_loss,val_accuracy
0,1.3976842164993286,0.8252879977226257,2.995316982269287,0.6107456088066101
1,1.4310572147369385,0.8104772567749023,2.880589723587036,0.6184210777282715
2,1.3620777130126953,0.8272079229354858,3.1204593181610107,0.6107456088066101
3,1.3739378452301025,0.8189796805381775,2.975324869155884,0.6008771657943726
4,1.4155648946762085,0.8195282220840454,3.0440673828125,0.6107456088066101
