,loss,accuracy,val_loss,val_accuracy
0,1.5127954483032227,0.7907295823097229,2.964351177215576,0.6019737124443054
1,1.5059767961502075,0.7997806072235107,2.9434878826141357,0.6293859481811523
2,1.5177569389343262,0.7942951321601868,2.975447177886963,0.5921052694320679
3,1.5649362802505493,0.7844212651252747,2.950439214706421,0.5921052694320679
4,1.5374579429626465,0.7888096570968628,2.9681711196899414,0.5964912176132202
