,loss,accuracy,val_loss,val_accuracy
0,1.5688947439193726,0.7890838980674744,2.9790892601013184,0.5888158082962036
1,1.5455431938171387,0.7904552817344666,2.949678897857666,0.5975877046585083
2,1.6028883457183838,0.779210090637207,2.9096686840057373,0.6162280440330505
3,1.5242844820022583,0.7997806072235107,2.9050910472869873,0.6162280440330505
4,1.5578999519348145,0.7879868149757385,2.9041831493377686,0.5964912176132202
