,loss,accuracy,val_loss,val_accuracy
0,1.5411783456802368,0.7912781238555908,2.949022054672241,0.6019737124443054
1,1.487451434135437,0.7962150573730469,3.034449815750122,0.593201756477356
2,1.5152441263198853,0.7921009063720703,2.953256368637085,0.577850878238678
3,1.509558081626892,0.7970378398895264,3.007880687713623,0.6063596606254578
4,1.5647106170654297,0.7910038232803345,2.991567611694336,0.5712719559669495
