,loss,accuracy,val_loss,val_accuracy
0,1.439247965812683,0.8121228814125061,2.972905158996582,0.5986841917037964
1,1.4189720153808594,0.8134942650794983,3.0858635902404785,0.5877193212509155
2,1.3990474939346313,0.8228195309638977,3.016909122467041,0.6206140518188477
3,1.3782788515090942,0.8313220143318176,3.2383174896240234,0.5811403393745422
4,1.4082882404327393,0.8173340559005737,3.0985043048858643,0.5975877046585083
