,loss,accuracy,val_loss,val_accuracy
0,1.6928728818893433,0.7526056170463562,3.1088085174560547,0.5679824352264404
1,1.651266098022461,0.7561711668968201,2.9111931324005127,0.5877193212509155
2,1.6308906078338623,0.7633022665977478,2.9844558238983154,0.5789473652839661
3,1.6566057205200195,0.7594624161720276,2.942263126373291,0.5910087823867798
4,1.6603105068206787,0.7545254826545715,2.9960434436798096,0.5899122953414917
