,loss,accuracy,val_loss,val_accuracy
0,1.4316463470458984,0.8088315725326538,3.2696406841278076,0.577850878238678
1,1.4755425453186035,0.8099287152290344,3.142751693725586,0.6008771657943726
2,1.4463564157485962,0.8080087900161743,2.886268138885498,0.5964912176132202
3,1.452239751815796,0.8058145642280579,3.0533320903778076,0.5986841917037964
4,1.4096074104309082,0.8192539811134338,3.092792272567749,0.6162280440330505
