,loss,accuracy,val_loss,val_accuracy
0,3.436305046081543,0.32172244787216187,3.3905692100524902,0.3629385828971863
1,3.2419965267181396,0.3617663085460663,3.2622506618499756,0.4024122953414917
2,3.1094014644622803,0.39138782024383545,3.189338207244873,0.43530702590942383
3,2.888557195663452,0.43362587690353394,3.0731842517852783,0.42763158679008484
4,2.795070171356201,0.45364782214164734,3.0473313331604004,0.43530702590942383
