,loss,accuracy,val_loss,val_accuracy
0,1.795574426651001,0.723258376121521,3.0136237144470215,0.5548245906829834
1,1.7753582000732422,0.7380691170692444,3.0184459686279297,0.5603070259094238
2,1.757691740989685,0.7353264093399048,3.034949541091919,0.5482456088066101
3,1.7373636960983276,0.7438288331031799,3.0483360290527344,0.5822368264198303
4,1.781179428100586,0.7254525423049927,3.1467673778533936,0.5383771657943726
