,loss,accuracy,val_loss,val_accuracy
0,2.7035369873046875,0.46626439690589905,3.0532145500183105,0.4791666567325592
1,2.617058515548706,0.49424025416374207,3.0339713096618652,0.4714912176132202
2,2.534024715423584,0.5065825581550598,3.0099093914031982,0.4879385828971863
3,2.505157709121704,0.5257816910743713,3.0873801708221436,0.4802631437778473
4,2.4577033519744873,0.5403181314468384,3.0071911811828613,0.5021929740905762
