,loss,accuracy,val_loss,val_accuracy
0,1.648984670639038,0.7578167915344238,3.0743160247802734,0.5592105388641357
1,1.6401382684707642,0.7602852582931519,3.12058424949646,0.5800438523292542
2,1.6557358503341675,0.7597367167472839,3.00419020652771,0.5910087823867798
3,1.6236752271652222,0.7731760740280151,2.979031562805176,0.5679824352264404
4,1.6273393630981445,0.7682391405105591,2.9346117973327637,0.5723684430122375
