,loss,accuracy,val_loss,val_accuracy
0,1.4490162134170532,0.812671422958374,2.957825183868408,0.6107456088066101
1,1.3937742710113525,0.8269336223602295,3.1997265815734863,0.6019737124443054
2,1.4037672281265259,0.8140428066253662,3.0763955116271973,0.6184210777282715
3,1.445147156715393,0.8132199645042419,3.2613770961761475,0.5866228342056274
4,1.4718968868255615,0.8085573315620422,3.093024730682373,0.5866228342056274
