,loss,accuracy,val_loss,val_accuracy
0,0.8621440529823303,0.8994147777557373,7.169370651245117,0.2982456088066101
1,0.8666694760322571,0.9030724167823792,6.691625595092773,0.28654971718788147
2,0.7563291788101196,0.9367227554321289,7.1925153732299805,0.3040935695171356
3,0.7515401244163513,0.9381858110427856,7.223428726196289,0.2850877046585083
4,0.802847146987915,0.9198975563049316,7.6420183181762695,0.28216373920440674
