,loss,accuracy,val_loss,val_accuracy
0,0.945642352104187,0.8782004117965698,7.147888660430908,0.2967836260795593
1,0.8769049644470215,0.9085589051246643,7.568519115447998,0.2850877046585083
2,0.872401237487793,0.9078273773193359,7.7400617599487305,0.28070175647735596
3,0.8317137360572815,0.9195318222045898,7.974149703979492,0.29385966062545776
4,0.9751712083816528,0.8774688839912415,7.769093036651611,0.28216373920440674
