,loss,accuracy,val_loss,val_accuracy
0,0.6925023198127747,0.9414777159690857,7.201432228088379,0.30847951769828796
1,0.7590215802192688,0.9224579334259033,7.323111534118652,0.2967836260795593
2,0.7986416816711426,0.9188002943992615,7.0226593017578125,0.33625730872154236
3,0.6897622346878052,0.9535478949546814,6.735041618347168,0.3318713307380676
4,0.6439843773841858,0.9572055339813232,6.906554222106934,0.35672515630722046
