,loss,accuracy,val_loss,val_accuracy
0,0.9460284113883972,0.8847842216491699,7.264914035797119,0.26754385232925415
1,1.0370594263076782,0.859546422958374,7.020593643188477,0.2777777910232544
2,0.9448236227035522,0.8942940831184387,7.671114921569824,0.28801169991493225
3,0.8090565800666809,0.9279444217681885,7.363051414489746,0.28654971718788147
4,0.8381258249282837,0.9155083894729614,7.313481330871582,0.28216373920440674
