,loss,accuracy,val_loss,val_accuracy
0,2.902618169784546,0.34235551953315735,3.9805259704589844,0.3143274784088135
1,2.8284473419189453,0.3485735058784485,3.972503423690796,0.30847951769828796
2,2.896503210067749,0.3405267000198364,3.9966819286346436,0.2997075915336609
3,2.871751070022583,0.335771769285202,4.183634281158447,0.3128654956817627
4,2.8137459754943848,0.34674468636512756,3.9649605751037598,0.30847951769828796
