,loss,accuracy,val_loss,val_accuracy
0,2.903477907180786,0.3529627025127411,3.944992780685425,0.3172514736652374
1,2.837935209274292,0.35186541080474854,3.9194588661193848,0.32309940457344055
2,2.8142266273498535,0.3672274947166443,3.8766767978668213,0.3260233998298645
3,2.812873363494873,0.3621068000793457,4.0889105796813965,0.320175439119339
4,2.8012137413024902,0.3672274947166443,3.9730870723724365,0.3260233998298645
