,loss,accuracy,val_loss,val_accuracy
0,2.673449993133545,0.4049012362957001,4.261390686035156,0.2017543911933899
1,2.4415018558502197,0.45245063304901123,4.036613941192627,0.20614035427570343
2,2.2356700897216797,0.49451354146003723,4.436642169952393,0.22368420660495758
3,2.0215961933135986,0.5673006772994995,4.473169326782227,0.24561403691768646
4,1.8956315517425537,0.6002194881439209,4.646181106567383,0.2426900565624237
