,loss,accuracy,val_loss,val_accuracy
0,1.0905828475952148,0.8511338829994202,6.567210674285889,0.2704678475856781
1,0.9850644469261169,0.8855157494544983,6.665149211883545,0.2704678475856781
2,1.0522879362106323,0.8525969386100769,6.741499900817871,0.2792397737503052
3,0.9693336486816406,0.883686900138855,7.271866798400879,0.2514619827270508
4,1.0118688344955444,0.8588148951530457,7.353075981140137,0.2777777910232544
