,loss,accuracy,val_loss,val_accuracy
0,0.8231716156005859,0.9074615836143494,6.880836486816406,0.30847951769828796
1,0.7179151773452759,0.940014660358429,7.277383804321289,0.30263158679008484
2,0.7509040236473083,0.9246525168418884,7.349722862243652,0.2836257219314575
3,0.7714227437973022,0.9198975563049316,6.842588424682617,0.30994153022766113
4,0.7517699599266052,0.9359912276268005,6.853826999664307,0.3245614171028137
