,loss,accuracy,val_loss,val_accuracy
0,0.8415317535400391,0.9177029728889465,7.141575813293457,0.3070175349712372
1,0.7919700145721436,0.9239209890365601,7.492187023162842,0.2850877046585083
2,0.8887238502502441,0.9005120992660522,7.004801273345947,0.2967836260795593
3,0.8835658431053162,0.9052670001983643,7.201315402984619,0.3055555522441864
4,0.7423210144042969,0.9396488666534424,7.467082500457764,0.3070175349712372
