,loss,accuracy,val_loss,val_accuracy
0,2.8227224349975586,0.3573518693447113,3.9660041332244873,0.2997075915336609
1,2.7616748809814453,0.3763716220855713,4.099277019500732,0.32309940457344055
2,2.830061197280884,0.364667147397995,3.9692118167877197,0.31578946113586426
3,2.8251001834869385,0.34893926978111267,3.8695614337921143,0.3260233998298645
4,2.793311595916748,0.36320409178733826,3.9969429969787598,0.3274853825569153
