,loss,accuracy,val_loss,val_accuracy
0,0.6684548258781433,0.9451353549957275,6.662325859069824,0.32309940457344055
1,0.6233242154121399,0.9553767442703247,6.5974249839782715,0.34210526943206787
2,0.6521915197372437,0.9444038271903992,7.148090362548828,0.3245614171028137
3,0.6621829867362976,0.9378200173377991,6.313846111297607,0.35818713903427124
4,0.7337382435798645,0.9257498383522034,6.529928684234619,0.32163742184638977
