,loss,accuracy,val_loss,val_accuracy
0,2.849935293197632,0.3624725639820099,3.9726076126098633,0.3260233998298645
1,2.7896018028259277,0.36137527227401733,4.040501117706299,0.32894736528396606
2,2.8367700576782227,0.36832478642463684,3.9776153564453125,0.3260233998298645
3,2.790198802947998,0.3716166913509369,4.030395030975342,0.3187134563922882
4,2.7717843055725098,0.36356985569000244,3.914607286453247,0.32163742184638977
