,loss,accuracy,val_loss,val_accuracy
0,2.8619911670684814,0.34418433904647827,4.081730842590332,0.3070175349712372
1,2.8758556842803955,0.35149964690208435,4.036289215087891,0.2909356653690338
2,2.848640203475952,0.35369423031806946,3.930023670196533,0.30847951769828796
3,2.864968776702881,0.3482077419757843,4.018429279327393,0.3245614171028137
4,2.8110854625701904,0.37307974696159363,4.04418420791626,0.3055555522441864
