,loss,accuracy,val_loss,val_accuracy
0,0.9580077528953552,0.8847842216491699,7.302003383636475,0.26754385232925415
1,0.9736424684524536,0.8844184279441833,7.3883585929870605,0.23976607620716095
2,0.9644246101379395,0.8862472772598267,7.07903528213501,0.28801169991493225
3,0.9684541821479797,0.877834677696228,7.389339447021484,0.28070175647735596
4,0.8465174436569214,0.9188002943992615,7.922461986541748,0.28070175647735596
