,loss,accuracy,val_loss,val_accuracy
0,2.8007476329803467,0.36320409178733826,3.8885550498962402,0.3333333432674408
1,2.844721794128418,0.35405999422073364,3.9971578121185303,0.33040934801101685
2,2.8262903690338135,0.36576443910598755,4.02816915512085,0.32163742184638977
3,2.780176877975464,0.3756400942802429,3.9780056476593018,0.3114035129547119
4,2.825467109680176,0.34893926978111267,4.195128440856934,0.30116960406303406
