,loss,accuracy,val_loss,val_accuracy
0,1.7680230140686035,0.631309449672699,4.927221298217773,0.24122807383537292
1,1.6678231954574585,0.6708120107650757,5.033968448638916,0.2368421107530594
2,1.5484308004379272,0.7000731825828552,5.0997114181518555,0.24415205419063568
3,1.47454035282135,0.7322604060173035,5.088344573974609,0.2719298303127289
4,1.3625956773757935,0.7578639388084412,5.524472236633301,0.26169589161872864
