,loss,accuracy,val_loss,val_accuracy
0,0.6797711253166199,0.9440380334854126,7.044917583465576,0.3333333432674408
1,0.6806906461715698,0.9422092437744141,7.3988728523254395,0.2982456088066101
2,0.7129308581352234,0.9316020607948303,7.295821189880371,0.320175439119339
3,0.7346150279045105,0.9275786280632019,7.372746467590332,0.30116960406303406
4,0.7715649008750916,0.9166057109832764,6.929919719696045,0.32894736528396606
