,loss,accuracy,val_loss,val_accuracy
0,1.386780023574829,0.7439649105072021,5.626687049865723,0.23976607620716095
1,1.272271752357483,0.7911484837532043,6.152639865875244,0.2792397737503052
2,1.2246812582015991,0.8050475716590881,5.9770989418029785,0.26754385232925415
3,1.2205393314361572,0.8065106272697449,6.545016288757324,0.27339181303977966
4,1.2101752758026123,0.8189465999603271,5.86475133895874,0.23245614767074585
