,loss,accuracy,val_loss,val_accuracy
0,1.1454734802246094,0.825896143913269,6.406932353973389,0.24853801727294922
1,1.1685632467269897,0.8273591995239258,6.234952449798584,0.2587719261646271
2,1.0581140518188477,0.8493050336837769,6.890732765197754,0.26900583505630493
3,1.0613374710083008,0.8555230498313904,6.945376873016357,0.24853801727294922
4,1.0886839628219604,0.8386978507041931,6.847145080566406,0.2426900565624237
