,loss,accuracy,val_loss,val_accuracy
0,0.7618589401245117,0.9228237271308899,7.400740623474121,0.2777777910232544
1,0.8601495623588562,0.9027066826820374,6.909732341766357,0.3114035129547119
2,0.7824158668518066,0.9272128939628601,7.190540313720703,0.3040935695171356
3,0.7405056953430176,0.944769561290741,6.698783874511719,0.33040934801101685
4,0.6895048022270203,0.9487929940223694,6.826136112213135,0.3391812741756439
