,loss,accuracy,val_loss,val_accuracy
0,0.6729117035865784,0.9495245218276978,7.321778774261475,0.30263158679008484
1,0.6706941723823547,0.9498902559280396,6.976161479949951,0.30847951769828796
2,0.7662225961685181,0.9195318222045898,6.7965874671936035,0.29532164335250854
3,0.7916013598442078,0.9162399172782898,6.634196758270264,0.3128654956817627
4,0.7632082104682922,0.9275786280632019,6.561574935913086,0.3274853825569153
