,loss,accuracy,val_loss,val_accuracy
0,0.8770569562911987,0.9001463055610657,7.186001777648926,0.2982456088066101
1,0.82683926820755,0.9155083894729614,7.358907222747803,0.29532164335250854
2,0.9022546410560608,0.8942940831184387,7.452425479888916,0.2923976480960846
3,0.8007818460464478,0.9272128939628601,7.357776641845703,0.2997075915336609
4,0.7549693584442139,0.9392830729484558,7.257631301879883,0.2997075915336609
