,loss,accuracy,val_loss,val_accuracy
0,0.6524785161018372,0.9561082720756531,6.5731520652771,0.3260233998298645
1,0.7530033588409424,0.9294074773788452,6.809414863586426,0.33771929144859314
2,0.7716400027275085,0.9261155724525452,6.686766147613525,0.3333333432674408
3,0.7127239108085632,0.9326993227005005,7.4205217361450195,0.3333333432674408
4,0.7166821956634521,0.9367227554321289,6.709706783294678,0.3245614171028137
