,loss,accuracy,val_loss,val_accuracy
0,0.9964708685874939,0.8716166615486145,7.628410339355469,0.2631579041481018
1,0.9795917272567749,0.8811265826225281,8.272154808044434,0.23830409348011017
2,0.991058349609375,0.8774688839912415,7.107445240020752,0.27339181303977966
3,0.8959736824035645,0.9001463055610657,7.918881893157959,0.25292396545410156
4,0.9651708602905273,0.8807607889175415,7.149855136871338,0.26608186960220337
