,loss,accuracy,val_loss,val_accuracy
0,2.7812938690185547,0.3803950250148773,3.938324451446533,0.3274853825569153
1,2.8361663818359375,0.35588881373405457,4.3150811195373535,0.3143274784088135
2,2.789855718612671,0.36539867520332336,3.888948917388916,0.3245614171028137
3,2.8335413932800293,0.3485735058784485,3.953636884689331,0.32163742184638977
4,2.827672004699707,0.35588881373405457,4.081414699554443,0.30847951769828796
