,loss,accuracy,val_loss,val_accuracy
0,0.8926326632499695,0.9023408889770508,7.353577613830566,0.2792397737503052
1,0.8617479205131531,0.9140453338623047,7.388044357299805,0.28801169991493225
2,0.8334249258041382,0.9136795997619629,7.159072399139404,0.27485379576683044
3,0.9296842813491821,0.8877103328704834,7.496122360229492,0.28216373920440674
4,0.8595094084739685,0.9144111275672913,7.320136070251465,0.2719298303127289
