,loss,accuracy,val_loss,val_accuracy
0,0.6835984587669373,0.9465984106063843,6.4863152503967285,0.3260233998298645
1,0.6593464016914368,0.948061466217041,6.970264911651611,0.3128654956817627
2,0.6532334685325623,0.9491587281227112,6.7184739112854,0.3347953259944916
3,0.7331641912460327,0.9312362670898438,6.862432956695557,0.32894736528396606
4,0.6753328442573547,0.9469641447067261,6.89604377746582,0.30994153022766113
