,loss,accuracy,val_loss,val_accuracy
0,0.8753846287727356,0.8906364440917969,6.835766792297363,0.320175439119339
1,0.7863778471946716,0.9290416836738586,7.242707252502441,0.2909356653690338
2,0.8143332004547119,0.9209948778152466,6.8796563148498535,0.29532164335250854
3,0.7268291711807251,0.9414777159690857,7.420266151428223,0.3172514736652374
4,0.7622820138931274,0.9264813661575317,7.180147171020508,0.3040935695171356
