,loss,accuracy,val_loss,val_accuracy
0,2.821931838989258,0.3544257581233978,4.090742111206055,0.30994153022766113
1,2.802820920944214,0.3650329113006592,3.994401454925537,0.3128654956817627
2,2.7763028144836426,0.3862472474575043,3.9822192192077637,0.30994153022766113
3,2.8151462078094482,0.3573518693447113,4.160765647888184,0.3245614171028137
4,2.8641293048858643,0.3452816307544708,3.853572130203247,0.3187134563922882
