,loss,accuracy,val_loss,val_accuracy
0,0.5932762026786804,0.9685442447662354,6.814176082611084,0.3406432867050171
1,0.6625502705574036,0.9422092437744141,6.199563503265381,0.3260233998298645
2,0.8055207133293152,0.9078273773193359,6.900698184967041,0.3128654956817627
3,0.7694063186645508,0.9253840446472168,6.402827739715576,0.35818713903427124
4,0.6734662652015686,0.9509875774383545,6.679980278015137,0.3406432867050171
