,loss,accuracy,val_loss,val_accuracy
0,2.7988126277923584,0.3624725639820099,3.932187080383301,0.31578946113586426
1,2.883314847946167,0.35369423031806946,3.84781551361084,0.3260233998298645
2,2.8719072341918945,0.3555230498313904,3.8227813243865967,0.33040934801101685
3,2.7816989421844482,0.36100950837135315,4.190561771392822,0.3128654956817627
4,2.801004409790039,0.3650329113006592,3.9535973072052,0.3274853825569153
