,loss,accuracy,val_loss,val_accuracy
0,0.8155270218849182,0.910021960735321,7.577219009399414,0.30994153022766113
1,0.8023759126663208,0.9173372387886047,7.473636150360107,0.26900583505630493
2,0.8853482007980347,0.8983174562454224,6.8891096115112305,0.3070175349712372
3,0.7393858432769775,0.9414777159690857,7.252283573150635,0.2792397737503052
4,0.6989853978157043,0.944769561290741,7.016529560089111,0.30847951769828796
