,loss,accuracy,val_loss,val_accuracy
0,0.7219201922416687,0.930870532989502,7.0695672035217285,0.32163742184638977
1,0.8580691814422607,0.8986832499504089,6.681699275970459,0.30263158679008484
2,0.8494141697883606,0.9052670001983643,6.561588287353516,0.3318713307380676
3,0.6583331823348999,0.9689100384712219,6.829038143157959,0.3128654956817627
4,0.6683608889579773,0.9509875774383545,6.998042583465576,0.3040935695171356
