,loss,accuracy,val_loss,val_accuracy
0,0.6373876929283142,0.9564740061759949,7.171509265899658,0.3114035129547119
1,0.6409724354743958,0.9550109505653381,6.965993881225586,0.30994153022766113
2,0.7499776482582092,0.9195318222045898,6.332472324371338,0.3406432867050171
3,0.660980761051178,0.9509875774383545,6.417227745056152,0.3260233998298645
4,0.7111673355102539,0.935625433921814,7.018674850463867,0.3611111044883728
