,loss,accuracy,val_loss,val_accuracy
0,2.8619582653045654,0.35113388299942017,3.987342596054077,0.3128654956817627
1,2.7992897033691406,0.3621068000793457,3.8808257579803467,0.32163742184638977
2,2.8685927391052246,0.35881492495536804,3.9242136478424072,0.3172514736652374
3,2.831993818283081,0.3650329113006592,3.944938898086548,0.30994153022766113
4,2.9174304008483887,0.33979517221450806,3.998945951461792,0.3172514736652374
