,loss,accuracy,val_loss,val_accuracy
0,4.088334560394287,0.13277249038219452,4.302225589752197,0.11549707502126694
1,3.789780855178833,0.1777615249156952,4.269010066986084,0.13596491515636444
2,3.5118980407714844,0.22823701798915863,4.071706771850586,0.1535087674856186
3,3.194835662841797,0.2896854281425476,4.125152587890625,0.1812865436077118
4,2.894561529159546,0.35113388299942017,4.097816467285156,0.19298245012760162
