,loss,accuracy,val_loss,val_accuracy
0,5.258099555969238,0.02267739549279213,5.07047700881958,0.021929824724793434
1,5.068782806396484,0.024140452966094017,4.994887351989746,0.03801169618964195
2,4.949606895446777,0.03840526565909386,4.84890079498291,0.049707602709531784
3,4.706156253814697,0.0724213570356369,4.6263427734375,0.05994151905179024
4,4.4010329246521,0.09473299235105515,4.4019670486450195,0.10526315867900848
